{"cameraMode":{"drawMode":0,"name":"Shaded","section":"Shading Mode"},"sceneLighting":true,"audioPlay":false,"sceneViewState":{"m_AlwaysRefresh":false,"showFog":true,"showSkybox":true,"showFlares":true,"showImageEffects":true,"showParticleSystems":true,"showVisualEffectGraphs":true,"m_FxEnabled":true},"in2DMode":false,"pivot":{"x":1.1092605590820313,"y":-0.3460085391998291,"z":0.1949167251586914},"rotation":{"x":0.12875677645206452,"y":-0.2885687053203583,"z":0.03919525444507599,"w":0.9479530453681946},"size":1.8647360801696778,"orthographic":false}